Type,Reference Nbr.,Status,Payment Date,Payment Period,Customer,Customer Name,Description,Payment Ref.,Payment Amount,Currency,Cash Account,Payment Method,Created On
Payment,000287,Closed,4/8/2026,04-2026,APPLIED,"Applied Engineering Services, Inc.",PayApp5 -  Applied Engineering,Ck#18905,"9,413.13",USD,CHECKING,CHECK,4/9/2026
Payment,000286,Closed,4/5/2026,04-2026,RADIAL,"Radial, Inc",PC-3959-0005 Radial Martinsville PayApp4 - PO-4500062487,ID:A232993313,"234,235.52",USD,CHECKING,CHECK,4/3/2026
Payment,000285,Closed,3/30/2026,03-2026,HILLSDALE,Hillsdale Holdings,PayApp1,7155170,"307,998.70",USD,CHECKING,CHECK,3/30/2026
Payment,000284,Closed,3/30/2026,03-2026,GOODWILL,"Goodwill Industries of Central Indiana, Llc",Tremont PayApp 3 - RI-3620-0003,0868423899TC,"7,037.50",USD,CHECKING,CHECK,3/30/2026
Payment,000283,Closed,3/30/2026,03-2026,UNIQLO,Uniqlo USA LLC,Uniqlo PayApp 10 - RI-3729-0011,TRN: 0868965278TC,"108,900.21",USD,CHECKING,CHECK,3/30/2026
Payment,000282,Closed,3/27/2026,03-2026,GOODWILL,"Goodwill Industries of Central Indiana, Llc",Pay 007 - Goodwill Bart,TRN: 0858009229TC,"4,004.10",USD,CHECKING,CHECK,3/27/2026
Payment,000281,Closed,3/27/2026,03-2026,EXOTEC,"Exotec North America, Inc.",Exotec PayApp 4 RI-3729-0017,TRN: 3502226085ES 03/26,"14,375.71",USD,CHECKING,CHECK,3/27/2026
Payment,000280,Closed,3/19/2026,03-2026,GPC,NAPA AUTO PARTS,GPC Hai Robotic PayApp 2,CK 0001439208,"228,076.70",USD,CHECKING,CHECK,3/20/2026
Payment,000279,Closed,3/11/2026,03-2026,ASPIRESL,Aspire at Saint Lucie,Aspire at St. Lucie,CK 1479,"6,304.00",USD,CHECKING,CHECK,3/11/2026
Payment,000278,Closed,3/11/2026,03-2026,ASPIRESL,Aspire at Saint Lucie,,CK 1457,"15,000.00",USD,CHECKING,CHECK,3/11/2026
Payment,000277,Closed,3/6/2026,03-2026,GOODWILL,"Goodwill Industries of Central Indiana, Llc",#RI-3620-0002,TRN: 0653173477TC,"21,112.50",USD,CHECKING,ACH PYMT,3/9/2026
Payment,000276,Closed,3/2/2026,03-2026,ASPIRESL,Aspire at Saint Lucie,Aspire at St. Lucie - RI-3231-0001,CK 1469,"15,000.00",USD,CHECKING,CHECK,3/3/2026
Payment,000275,Closed,3/2/2026,03-2026,CRAVING,CRAVING CREPES LLC,iBeach Holding Partners LLC - PayApp 12,TRN: 0870641061FF,"620,151.98",USD,CHECKING,ACH PYMT,3/3/2026
Credit Memo,000465,Closed,2/28/2026,02-2026,GOODWILL,"Goodwill Industries of Central Indiana, Llc",Noblesville PayApp 2 - RI-5092-0002,,"1,089,607.55",USD,,,2/27/2026
Payment,000274,Closed,2/27/2026,02-2026,GOODWILL,"Goodwill Industries of Central Indiana, Llc",Goodwill Curb Cut PayApp4, ID:1350893506,561.42,USD,CHECKING,ACH PYMT,2/27/2026
Payment,000273,Closed,2/27/2026,02-2026,GOODWILL,"Goodwill Industries of Central Indiana, Llc",Goodwill Curb Cut PayApp3,ID:1350893506,"1,829.11",USD,CHECKING,ACH PYMT,2/27/2026
Payment,000272,Closed,2/27/2026,02-2026,GOODWILL,"Goodwill Industries of Central Indiana, Llc",Goodwill Curb Cut PayApp2,ID:1350893506,"18,024.00",USD,CHECKING,ACH PYMT,2/27/2026
Payment,000271,Closed,2/27/2026,02-2026,VARGO,"Vargo, LLC",Ulta Dallas Retrofit Pay App 011,ID:9148240000,"22,168.39",USD,CHECKING,ACH PYMT,2/27/2026
Payment,000270,Closed,2/26/2026,02-2026,UNIQLO,Uniqlo USA LLC,RI-3729-0010 1/1/2026 - 1/31/2026, ID:1455343312,"189,329.70",USD,CHECKING,ACH PYMT,2/26/2026
Payment,000269,Closed,2/24/2026,02-2026,UNIQLO,Uniqlo USA LLC,Uniqlo Phillipsburg NJ - PayApp009,ID:1455343312,"135,004.28",USD,CHECKING,ACH PYMT,2/24/2026
Payment,000268,Closed,2/20/2026,02-2026,FORZA,Forza Commercial Real Estate,RCLS PAYMENT TO FORZA 24-105,RCLS,0.00,USD,CHECKING,CHECK,2/20/2026
Payment,000267,Closed,2/20/2026,02-2026,UNIQLO,Uniqlo USA LLC,,ID:1834491326,"187,538.46",USD,CHECKING,ACH PYMT,2/20/2026
Payment,000266,Closed,2/18/2026,02-2026,CRAVING,CRAVING CREPES LLC,TRN: 0886401049FF,TRN: 0886401049FF,"100,000.00",USD,CHECKING,ACH PYMT,2/19/2026
Payment,000265,Closed,2/18/2026,02-2026,CRAVING,CRAVING CREPES LLC,TRN: 0886401049FF,TRN: 0338891049FF,"69,973.52",USD,CHECKING,ACH PYMT,2/19/2026
Payment,000264,Closed,2/18/2026,02-2026,CRAVING,CRAVING CREPES LLC,Payapp6 - Westfield Collective,TRN: 0338891049FF,"442,214.44",USD,CHECKING,ACH PYMT,2/19/2026
Payment,000263,Closed,2/18/2026,02-2026,CRAVING,CRAVING CREPES LLC,Payapp5 - Westfield Collective,TRN: 0338891049FF,"214,014.03",USD,CHECKING,ACH PYMT,2/19/2026
Payment,000262,Closed,2/18/2026,02-2026,CRAVING,CRAVING CREPES LLC,Payapp3 - Westfield Collective,TRN: 0338891049FF,"161,264.86",USD,CHECKING,ACH PYMT,2/19/2026
Payment,000261,Closed,2/18/2026,02-2026,CRAVING,CRAVING CREPES LLC,Payapp2 - Westfield Collective,TRN: 0338891049FF,"2,533.15",USD,CHECKING,ACH PYMT,2/19/2026
Payment,000259,Closed,2/12/2026,02-2026,ASPIRESL,Aspire at Saint Lucie,Partial Payment received CK 1444,CK 1444,920.80,USD,CHECKING,CHECK,2/16/2026
Payment,000258,Closed,2/12/2026,02-2026,ASPIRESL,Aspire at Saint Lucie,Aspire at St Lucie PayApp2,CK 1444,"5,079.20",USD,CHECKING,CHECK,2/16/2026
Payment,000257,Closed,2/12/2026,02-2026,ASPIRE,Aspire Oak Tree Daytona LS,Life Safety Plan,CK 1409,"9,000.00",USD,CHECKING,CHECK,2/16/2026
Payment,000260,Closed,2/6/2026,02-2026,ULTA,Ulta Inc.,RI-5347-0001 1/1/2026 - 1/31/2026,ID NUMBER 461434,"3,268,581.00",USD,CHECKING,CHECK,2/18/2026
Credit Memo,000456,Closed,1/31/2026,01-2026,HILLSDALE,Hillsdale Holdings,,,"335,186.10",USD,,,2/16/2026
Credit Memo,000454,Closed,1/31/2026,01-2026,UNIQLO,Uniqlo USA LLC,RI-3729-0014 1/1/2026 - 1/31/2026,,"187,538.46",USD,,,2/16/2026
Credit Memo,000461,Closed,1/30/2026,01-2026,NIEMANN,"Niemann Holdings, LLC",RI-3515-0012 1/1/2026 - 1/31/2026,,"17,500.00",USD,,,2/23/2026
Payment,000255,Closed,1/30/2026,01-2026,EXOTEC,"Exotec North America, Inc.",Uniqlo Project PayApp2,TRN: 0303409014TC,"42,446.36",USD,CHECKING,CHECK,2/2/2026
Payment,000254,Closed,1/30/2026,01-2026,RADIAL,"Radial, Inc",PC-3959-0001 Radial Martinsville PayApp3 - PO-4500062487,TRN: 0309696628TC,"287,291.84",USD,CHECKING,CHECK,2/2/2026
Payment,000252,Closed,1/26/2026,01-2026,CEVA,"CEVA Logistics U.S., Inc.",CEVA Bernville Consulting PayApp004, ORIG ID:9734194807,"60,673.09",USD,CHECKING,CHECK,1/26/2026
Payment,000250,Closed,1/15/2026,01-2026,CRAVING,CRAVING CREPES LLC,"FEDWIRE CREDIT VIA: ELEMENTS FINANCIAL FEDERAL CREDIT U/274073834 B/O: IBEACH HOLDING PARTNERS, LLC WESTFIELD IN 46074 REF: CHASE NYC/CTR/BNF=ALLEATO LLC INDIANAPOLIS IN 46250-3596 US/AC-0000000 08626 RFB=NOTPROVIDED OBI=/PURP/BUS INESS EXPENSES (C)/URI/P ROJECT: 24 -115 WESTFIELD COLLECTIVP AY APP 01 1 TRN: 0683871015FF",PAY APP 01 1 TRN: 0683871015FF,"892,788.45",USD,CHECKING,CHECK,1/15/2026
Payment,000256,Open,1/5/2026,01-2026,APPLIED,"Applied Engineering Services, Inc.",PayApp5 -  Applied Engineering-Check#18690-DEPOSIT  ID NUMBER 836547,Check#18690-DEPOSIT  ID NUMBER 836547,"27,072.36",USD,CHECKING,CHECK,2/6/2026
Payment,000253,Open,1/5/2026,01-2026,NIEMANN,"Niemann Holdings, LLC",PayApp6 - Niemann Foods,Check 2868,"16,891.95",USD,CHECKING,CHECK,1/27/2026
Payment,000251,Closed,1/5/2026,01-2026,CORE-MARK,"Core-Mark US, LLC",Pay App 002 - 25-101 Core Mark,Check 610056182,"11,428.00",USD,CHECKING,CHECK,1/26/2026
Payment,000249,Closed,1/5/2026,01-2026,RADIAL,"Radial, Inc",PC-3959-0001 Radial Martinsville PayApp2 - PO-4500062487,TRN: 0050375254TC,"155,777.90",USD,CHECKING,CHECK,1/6/2026
Payment,000248,Closed,12/30/2025,12-2025,UNIQLO,Uniqlo USA LLC,Uniqlo Phillipsburg NJ - PayApp007 - Deposit ID NUMBER 734541,Deposit ID 734541,"194,957.56",USD,CHECKING,CHECK,12/30/2025
Payment,000247,Closed,12/30/2025,12-2025,DAHLEMFISH,"Dahlem Fishers, LLC",Hiro Space Split - Exterior Sign Repair and Painting - Deposit ID NUMBER 734541,Check 7294,"16,723.00",USD,CHECKING,CHECK,12/30/2025
Payment,000246,Closed,12/30/2025,12-2025,ASPIREHLTH,Aspire Health Group,PayApp3 - Aspire Kissimmee Gardens - Deposit ID NUMBER 734541,Check 1317,"5,889.00",USD,CHECKING,CHECK,12/30/2025
Payment,000245,Closed,12/22/2025,12-2025,ASPIREHLTH,Aspire Health Group,PayApp3 - Aspire Kissimmee Gardens,Check 1316,"15,000.00",USD,CHECKING,CHECK,12/23/2025
Payment,000244,Closed,12/18/2025,12-2025,IBEACH,iBeach Holding Partners LLC,Pay App 010 - Westfield Collective,0959551352FF,"442,560.42",USD,CHECKING,CHECK,12/19/2025
Payment,000243,Closed,12/17/2025,12-2025,GOODWILL,"Goodwill Industries of Central Indiana, Llc",RI-2603-0020 - Goodwill Bloomington PayApp010,3516712530TC,"50,889.35",USD,CHECKING,CHECK,12/18/2025
Payment,000242,Closed,12/10/2025,12-2025,ASPIREHLTH,Aspire Health Group,PayApp3 - Aspire Kissimmee Gardens,1315,"15,000.00",USD,CHECKING,CHECK,12/11/2025
Payment,000241,Closed,12/10/2025,12-2025,ASPIREHLTH,Aspire Health Group,DEPOSIT ID NUMBER 808961,1313,"15,000.00",USD,CHECKING,CHECK,12/11/2025
Payment,000240,Closed,12/5/2025,12-2025,RADIAL,"Radial, Inc",Payment for October Invoices, 3394670522TC,"225,391.31",USD,CHECKING,CHECK,12/8/2025
Payment,000239,Closed,12/5/2025,12-2025,GOODWILL,"Goodwill Industries of Central Indiana, Llc",RI-2603-0018 - Goodwill Bloomington PayApp009,3391138626TC,"109,590.43",USD,CHECKING,CHECK,12/8/2025
Payment,000238,Closed,12/4/2025,12-2025,ASPIREHLTH,Aspire Health Group,DEPOSIT  ID NUMBER 381007,381007,"15,000.00",USD,CHECKING,CHECK,12/5/2025
Payment,000237,Closed,12/3/2025,12-2025,IBEACH,iBeach Holding Partners LLC,Pay App 009 - Westfield Collective,1113991337FF,"459,323.41",USD,CHECKING,CHECK,12/4/2025
Payment,000236,Closed,11/28/2025,11-2025,UNIQLO,Uniqlo USA LLC,Uniqlo Phillipsburg NJ - PayApp006,3326746148TC,"454,076.00",USD,CHECKING,CHECK,12/2/2025
Payment,000235,Closed,11/25/2025,11-2025,ASPIREHLTH,Aspire Health Group,PayApp1 - Aspire Kissimmee Gardens,Check 1311,"15,000.00",USD,CHECKING,CHECK,11/26/2025
Payment,000234,Closed,11/25/2025,11-2025,STORAGESOL,"Storage Solutions, Inc.",Radial Avon - Storage Solutions PO 0133152,Check 34051,"22,500.00",USD,CHECKING,CHECK,11/26/2025
Payment,000233,Closed,11/25/2025,11-2025,ROYALVEN,Royal Ventures LLC,PayApp2 - Royal Theatre Apartments,Check 5115,"30,766.95",USD,CHECKING,CHECK,11/26/2025
Payment,000232,Closed,11/25/2025,11-2025,NIEMANN,"Niemann Holdings, LLC",PayApp5 - Niemann Foods,Check 2853,"43,621.80",USD,CHECKING,CHECK,11/26/2025
Payment,000231,Closed,11/12/2025,11-2025,CRAVING,CRAVING CREPES LLC,Payapp2 - Westfield Collective,0228120316FC,"400,000.00",USD,CHECKING,CHECK,11/13/2025
Voided Payment,000228,Closed,11/3/2025,11-2025,GOODWILL,"Goodwill Industries of Central Indiana, Llc",RI-2603-0016 - Goodwill Bloomington PayApp008,3048101288TC,"--266,066.67",USD,CHECKING,CHECK,11/3/2025
Payment,000228,Voided,11/3/2025,11-2025,GOODWILL,"Goodwill Industries of Central Indiana, Llc",RI-2603-0016 - Goodwill Bloomington PayApp008,3048101288TC,"266,066.67",USD,CHECKING,CHECK,11/3/2025
Credit Memo,000425,Closed,10/31/2025,10-2025,ULTA,Ulta Inc.,Invoice 001,,"2,000,000.00",USD,,,11/21/2025
Credit Memo,000424,Closed,10/31/2025,10-2025,ULTA,Ulta Inc.,Reverse Invoice 001,,"6,000,000.00",USD,,,11/21/2025
Payment,000230,Closed,10/31/2025,10-2025,GOODWILL,"Goodwill Industries of Central Indiana, Llc",RI-2603-0016 - Goodwill Bloomington PayApp008,3048101288TC,"266,066.67",USD,CHECKING,CHECK,11/3/2025
Payment,000229,Closed,10/31/2025,10-2025,RADIAL,"Radial, Inc",PO#4500060771 - Radial Brownsburg Indy,3044362079TC,"11,863.12",USD,CHECKING,CHECK,11/3/2025
Credit Memo,000413,Closed,10/31/2025,10-2025,ULTA,Ulta Inc.,Invoice 001,,"15,000,000.00",USD,,,10/31/2025
Credit Memo,000397,Closed,10/31/2025,10-2025,ULTA,Ulta Inc.,Invoice 001,,"15,000,000.00",USD,,,10/31/2025
Payment,000227,Closed,10/30/2025,10-2025,CRAVING,CRAVING CREPES LLC,Payment for Craving Crepes - Westfield Collective,1134031303FF,"590,376.67",USD,CHECKING,CHECK,10/31/2025
Payment,000226,Closed,10/30/2025,10-2025,UNIQLO,Uniqlo USA LLC,Uniqlo Phillipsburg NJ - PayApp005,3030267526TC,"187,986.75",USD,CHECKING,CHECK,10/31/2025
Payment,000225,Closed,10/28/2025,10-2025,APPLIED,"Applied Engineering Services, Inc.",PayApp4 -  Applied Engineering,18546,"153,638.48",USD,CHECKING,CHECK,10/29/2025
Payment,000224,Closed,10/24/2025,10-2025,GOODWILL,"Goodwill Industries of Central Indiana, Llc",Goodwill Curb Cut PayApp1,2974178574TC,"38,228.60",USD,CHECKING,CHECK,10/27/2025
Payment,000223,Closed,10/17/2025,10-2025,CART.COM,"Cart.com, Inc",Memphis Cold Storage Phase2,2905783206TC,"111,573.00",USD,CHECKING,CHECK,10/27/2025
Payment,000222,Closed,10/16/2025,10-2025,CORAMDEO,Coram Deo Academy,Coram Deo Academy PayApp2,5561,"39,061.72",USD,CHECKING,CHECK,10/17/2025
Payment,000221,Closed,10/14/2025,10-2025,NIEMANN,"Niemann Holdings, LLC",PayApp4 - Niemann Foods,2841,"100,815.27",USD,CHECKING,CHECK,10/15/2025
Payment,000220,Closed,10/14/2025,10-2025,GPC,NAPA AUTO PARTS,PayApp1 GPC Hai Robotic,1309535,"197,239.40",USD,CHECKING,CHECK,10/15/2025
Payment,000219,Closed,10/10/2025,10-2025,EXOTEC,"Exotec North America, Inc.",Uniqlo Project,2830935575TC,"16,749.65",USD,CHECKING,CHECK,10/13/2025
Payment,000218,Open,10/9/2025,10-2025,IBEACH,iBeach Holding Partners LLC,Payment for Westfield Collective PayApp 7-8,0816641282FF,"993,957.56",USD,CHECKING,CHECK,10/10/2025
Payment,000217,Closed,10/9/2025,10-2025,UNIQLO,Uniqlo USA LLC,Uniqlo Phillipsburg NJ - PayApp004,2822346572TC,"658,880.42",USD,CHECKING,CHECK,10/10/2025
Payment,000216,Closed,10/7/2025,10-2025,VOORHEES,4927 Voorhees Rd FL Owner LLC,Aspire Ridge Haven,40019610,"26,391.20",USD,CHECKING,CHECK,10/8/2025
Payment,000212,Closed,10/3/2025,10-2025,GOODWILL,"Goodwill Industries of Central Indiana, Llc",RI-2603-0015 - Goodwill Bloomington PayApp007,2769249406TC,"262,341.60",USD,CHECKING,CHECK,10/6/2025
Payment,000215,Closed,10/2/2025,10-2025,ULTA,Ulta Inc.,RTU Modification - Ulta Dallas,40019610,"295,708.00",USD,CHECKING,CHECK,10/8/2025
Credit Memo,000457,Closed,9/30/2025,09-2025,ROYALVEN,Royal Ventures LLC,PayApp3 - Royal Theatre Apartments,,"12,623.83",USD,,,2/19/2026
Credit Memo,000386,Closed,9/30/2025,09-2025,ANDRUS,Andrus Development Group,PayApp3 - The Roebling Homes,,"2,221.11",USD,,,10/6/2025
Payment,000211,Closed,9/26/2025,09-2025,RADIAL,"Radial, Inc",,2693670998TC,"176,939.10",USD,CHECKING,CHECK,9/29/2025
Payment,000214,Closed,9/25/2025,09-2025,ANDRUS,Andrus Development Group,PayApp3 - The Roebling Homes,Check 2001,823.86,USD,CHECKING,CHECK,10/6/2025
Voided Payment,000213,Closed,9/25/2025,09-2025,ANDRUS,Andrus Development Group,PayApp3 - The Roebling Homes,2001,--823.86,USD,CHECKING,CHECK,10/6/2025
Payment,000213,Voided,9/25/2025,09-2025,ANDRUS,Andrus Development Group,PayApp3 - The Roebling Homes,2001,823.86,USD,CHECKING,CHECK,10/6/2025
Payment,000210,Closed,9/25/2025,09-2025,APPLIED,"Applied Engineering Services, Inc.",PayApp3 -  Applied Engineering,18453,"84,962.85",USD,CHECKING,CHECK,9/26/2025
Payment,000209,Closed,9/22/2025,09-2025,CORAMDEO,Coram Deo Academy,Coram Deo Academy PayApp3,5533,"50,000.00",USD,CHECKING,CHECK,9/23/2025
Payment,000208,Closed,9/22/2025,09-2025,CORAMDEO,Coram Deo Academy,Coram Deo Academy PayApp3,5534,"35,500.50",USD,CHECKING,CHECK,9/23/2025
Payment,000207,Closed,9/17/2025,09-2025,IBEACH,iBeach Holding Partners LLC,"Payment received from IBEACH HOLDING PARTNERS, LLC WESTFIELD",0510541260FF,"2,171,588.33",USD,CHECKING,CHECK,9/18/2025
Payment,000206,Closed,9/15/2025,09-2025,UNIQLO,Uniqlo USA LLC,Uniqlo Phillipsburg NJ - PayApp003,2586439266TC,"521,636.16",USD,CHECKING,CHECK,9/16/2025
Payment,000205,Closed,9/8/2025,09-2025,RADIAL,"Radial, Inc",Pyament for July Invoices,2515680606TC,"1,374,730.21",USD,CHECKING,CHECK,9/9/2025
Payment,000204,Closed,9/5/2025,09-2025,GOODWILL,"Goodwill Industries of Central Indiana, Llc",RI-3601-0004 - Goodwill Foundations - July Billing,2487395562TC,"36,215.00",USD,CHECKING,CHECK,9/8/2025
Payment,000203,Closed,9/4/2025,09-2025,VARGO,"Vargo, LLC",Ulta Dallas Retrofit Pay App 010, 2475755125TC,"44,188.88",USD,CHECKING,CHECK,9/5/2025
Payment,000202,Closed,9/3/2025,09-2025,ANDRUS,Andrus Development Group,PayApp2 - The Roebling Homes,2000,"14,998.40",USD,CHECKING,CHECK,9/4/2025
Payment,000201,Closed,9/3/2025,09-2025,NIEMANN,"Niemann Holdings, LLC",Payment for PayApp1-3,2830,"464,059.73",USD,CHECKING,CHECK,9/4/2025
Payment,000200,Closed,9/2/2025,09-2025,GOODWILL,"Goodwill Industries of Central Indiana, Llc",004 - Goodwill Foundations,2459007845TC,"12,965.71",USD,CHECKING,CHECK,9/3/2025
Payment,000199,Closed,9/2/2025,09-2025,GOODWILL,"Goodwill Industries of Central Indiana, Llc",003 - Goodwill Foundations - July Billing, 2459007815TC;2459007813TC,"139,515.70",USD,CHECKING,CHECK,9/3/2025
Payment,000198,Closed,9/2/2025,09-2025,GOODWILL,"Goodwill Industries of Central Indiana, Llc",RI-2603-0011 - Goodwill Bloomington PayApp006,2459007808TC,"290,293.70",USD,CHECKING,CHECK,9/3/2025
Credit Memo,000375,Closed,8/31/2025,08-2025,UNIQLO,Uniqlo USA LLC,Uniqlo Phillipsburg NJ - PayApp004,,"658,880.42",USD,,,9/8/2025
Credit Memo,000372,Closed,8/31/2025,08-2025,IBEACH,iBeach Holding Partners LLC,Pay App 007 - Westfield Collective,,"573,388.38",USD,,,9/4/2025
Credit Memo,000359,Closed,8/27/2025,08-2025,IBEACH,iBeach Holding Partners LLC,Payapp4 - Westfield Collective,,"88,668.43",USD,,,8/27/2025
Credit Memo,000366,Closed,8/25/2025,08-2025,GPC,NAPA AUTO PARTS,PayApp1 GPC Hai Robotic,,"197,239.40",USD,,,8/28/2025
Payment,000197,Closed,8/25/2025,08-2025,ROYALVEN,Royal Ventures LLC,PayApp1 - Royal Theatre Apartments,Check 5112,"48,811.82",USD,CHECKING,CHECK,8/26/2025
Payment,000196,Closed,8/25/2025,08-2025,VOORHEES,4927 Voorhees Rd FL Owner LLC,,Check 2090,"64,001.18",USD,CHECKING,CHECK,8/26/2025
Payment,000195,Closed,8/15/2025,08-2025,GOODWILL,"Goodwill Industries of Central Indiana, Llc",001 - Goodwill Decatur - July Billing,2275820947TC,"46,459.00",USD,CHECKING,CHECK,8/18/2025
Payment,000194,Closed,8/13/2025,08-2025,APPLIED,"Applied Engineering Services, Inc.",PayApp2 -  Applied Engineering,Check 18390,"149,987.75",USD,CHECKING,CHECK,8/14/2025
Payment,000193,Closed,8/8/2025,08-2025,UNIQLO,Uniqlo USA LLC,Uniqlo Phillipsburg NJ - PayApp002,2207393050TC,"101,750.40",USD,CHECKING,CHECK,8/12/2025
Payment,000192,Closed,8/6/2025,08-2025,ANDRUS,Andrus Development Group,PayApp1 - The Roebling Homes,Check 1330,"15,481.35",USD,CHECKING,CHECK,8/8/2025
Payment,000191,Closed,8/6/2025,08-2025,CORAMDEO,Coram Deo Academy,Coram Deo Academy PayApp1,Check 5485,"29,632.22",USD,CHECKING,CHECK,8/7/2025
Credit Memo,000353,Closed,7/31/2025,07-2025,UNIQLO,Uniqlo USA LLC,Uniqlo Phillipsburg NJ - PayApp003,,"552,158.48",USD,,,8/25/2025
Credit Memo,000352,Closed,7/31/2025,07-2025,RADIAL,"Radial, Inc",Radial Brownsburg Indy,,"171,511.12",USD,,,8/14/2025
Payment,000190,Closed,7/31/2025,07-2025,GOODWILL,"Goodwill Industries of Central Indiana, Llc",002 - Goodwill Foundations - June Billing,2123142599TC,"74,432.00",USD,CHECKING,CHECK,8/1/2025
Payment,000189,Closed,7/31/2025,07-2025,RADIAL,"Radial, Inc",PayApp1 - Radial Avon PO #4500060234,2123051839TC,"717,885.70",USD,CHECKING,CHECK,8/1/2025
Payment,000188,Closed,7/31/2025,07-2025,GOODWILL,"Goodwill Industries of Central Indiana, Llc",RI-2603-0009 - Goodwill Bloomington PayApp005,2123142582TC,"835,001.38",USD,CHECKING,CHECK,8/1/2025
Payment,000187,Closed,7/30/2025,07-2025,VARGO,"Vargo, LLC",Ulta Dallas Retrofit Pay App 009,2115118373TC,"151,083.97",USD,CHECKING,CHECK,7/31/2025
Payment,000186,Closed,7/30/2025,07-2025,ZION,"Zion Solutions Group, LLC",Permits - Zion Arkansas,2115078332TC,"7,999.00",USD,CHECKING,CHECK,7/31/2025
Payment,000185,Closed,7/29/2025,07-2025,DAHLEMFISH,"Dahlem Fishers, LLC",HIRO SPACE SPLIT,ID NUMBER 930706,"19,249.00",USD,CHECKING,CHECK,7/30/2025
Payment,000184,Closed,7/22/2025,07-2025,COASTAL,Coastal Cantina LLC,Coastal Cantina Work,2039536110TC,"14,437.00",USD,CHECKING,CHECK,7/23/2025
Payment,000183,Closed,7/22/2025,07-2025,APPLIED,"Applied Engineering Services, Inc.",PayApp1 -  Applied Engineering,150031,"141,290.63",USD,CHECKING,CHECK,7/23/2025
Payment,000182,Closed,6/27/2025,06-2025,CART.COM,"Cart.com, Inc",Pay 005 - Cart Cold Storage - Guard shack contingency work,1782242629TC,"13,997.55",USD,CHECKING,CHECK,6/30/2025
Payment,000181,Closed,6/27/2025,06-2025,GOODWILL,"Goodwill Industries of Central Indiana, Llc",RI-2603-0009 - Goodwill Bloomington,1788282012TC,"611,535.70",USD,CHECKING,CHECK,6/30/2025
Payment,000180,Closed,6/20/2025,06-2025,UNIQLO,Uniqlo USA LLC,Uniqlo Phillipsburg NJ - PayApp001,1455343312,"155,390.40",USD,CHECKING,CHECK,6/20/2025
Payment,000179,Closed,6/18/2025,06-2025,GOODWILL,"Goodwill Industries of Central Indiana, Llc",Pay 006 - Goodwill Bart,1691553259TC,"237,582.78",USD,CHECKING,CHECK,6/19/2025
Payment,000178,Closed,6/18/2025,06-2025,GOODWILL,"Goodwill Industries of Central Indiana, Llc",001 - Goodwill Foundations,1693218517TC,"42,215.00",USD,CHECKING,CHECK,6/19/2025
Payment,000177,Closed,6/16/2025,06-2025,JAMDPR,JAM'D Propert Group LLC,Used Turf Install,1671960682TC,"18,976.79",USD,CHECKING,CHECK,6/17/2025
Payment,000176,Closed,6/11/2025,06-2025,CEVA,"CEVA Logistics U.S., Inc.",PO 25448292,1629877061TC,"270,783.50",USD,CHECKING,CHECK,6/13/2025
Payment,000175,Closed,6/6/2025,06-2025,CEVA,"CEVA Logistics U.S., Inc.",Payment for Invoice 246 - 247,1579014990TC,"57,639.00",USD,CHECKING,CHECK,6/9/2025
Payment,000173,Closed,6/5/2025,06-2025,JAMDPR,JAM'D Propert Group LLC,Pay App 010 - Crate Escapes (Final),1568722728TC,"28,208.90",USD,CHECKING,CHECK,6/6/2025
Payment,000174,Closed,6/4/2025,06-2025,VARGO,"Vargo, LLC",,1551745939TC,"318,412.65",USD,CHECKING,CHECK,6/6/2025
Payment,000172,Closed,5/22/2025,05-2025,GOODWILL,"Goodwill Industries of Central Indiana, Llc",RI-2603-0006 - Goodwill Bloomington,1427850399TC,"28,290.25",USD,CHECKING,CHECK,5/23/2025
Payment,000171,Closed,5/19/2025,05-2025,ASPIRE,Aspire Oak Tree Daytona LS,Permit for Bradenton,Check#700008427,"4,000.00",USD,CHECKING,CHECK,5/19/2025
Payment,000170,Closed,5/19/2025,05-2025,JAMDPR,JAM'D Propert Group LLC,PCO#006: Masonry and Concrete for Monument Sign,9215986202,"5,804.66",USD,CHECKING,CHECK,5/19/2025
Payment,000169,Closed,5/7/2025,05-2025,CEVA,"CEVA Logistics U.S., Inc.",Bernville Sprinkler,1275967027TC,"704,794.00",USD,CHECKING,CHECK,5/8/2025
Payment,000168,Closed,5/5/2025,05-2025,JAMDPR,JAM'D Propert Group LLC,PayApp 003 - Hood Install,1258735642TC,"46,478.60",USD,CHECKING,CHECK,5/7/2025
Payment,000167,Closed,5/1/2025,05-2025,GOODWILL,"Goodwill Industries of Central Indiana, Llc",RI-2603-0005 - Goodwill Bloomington,1214173080TC,"200,103.05",USD,CHECKING,CHECK,5/2/2025
Payment,000166,Closed,4/30/2025,04-2025,IBEACH,iBeach Holding Partners LLC,,3756305120ES,"200,000.00",USD,CHECKING,CHECK,5/2/2025
Payment,000165,Closed,4/29/2025,04-2025,JAMDPR,JAM'D Propert Group LLC,PCO#010: Health Departments Adds,1194690223TC,"5,625.16",USD,CHECKING,CHECK,4/30/2025
Credit Memo,000299,Closed,4/25/2025,04-2025,GOODWILL,"Goodwill Industries of Central Indiana, Llc",Goodwill Bloomington PayApp003,,"28,290.25",USD,,,5/29/2025
Payment,000164,Closed,4/25/2025,04-2025,IBEACH,iBeach Holding Partners LLC,"Design, Pre-Con, Down Payment, and Mobilization billing",3437655115ES,"300,000.00",USD,CHECKING,CHECK,4/28/2025
Payment,000163,Closed,4/25/2025,04-2025,SPECTOR,"Spector and Co US, LP",Electrical/Heater Repairs,1108861115FF,"8,350.00",USD,CHECKING,CHECK,4/28/2025
Payment,000159,Closed,4/25/2025,04-2025,VARGO,"Vargo, LLC",Ulta Dallas Retrofit Pay App 007,9148240000,"301,053.56",USD,CHECKING,CHECK,4/25/2025
Payment,000158,Closed,4/25/2025,04-2025,CART.COM,"Cart.com, Inc",Pay 004 - Cart Cold Storage - Electrical Service Phase 1 & 2,ID:1204895317,"174,899.20",USD,CHECKING,CHECK,4/25/2025
Payment,000157,Closed,4/25/2025,04-2025,CART.COM,"Cart.com, Inc",PO# 101921 - Entrance Gates,ID:1204895317,"61,905.29",USD,CHECKING,CHECK,4/25/2025
Payment,000162,Closed,4/24/2025,04-2025,VOORHEES,4927 Voorhees Rd FL Owner LLC,ASPIRE RIDGE HAVEN,Check 1756,"80,085.12",USD,CHECKING,CHECK,4/25/2025
Payment,000161,Closed,4/24/2025,04-2025,THEWES,The Wesleyan Church Corporation,Pay App 004 - TV outlet and Switch Relocation,Check 9910636684,"1,045.00",USD,CHECKING,CHECK,4/25/2025
Payment,000160,Closed,4/24/2025,04-2025,GOODWILL,"Goodwill Industries of Central Indiana, Llc",Pay 005 - Goodwill Bart,1149281782TC,"263,018.93",USD,CHECKING,CHECK,4/25/2025
Payment,000156,Closed,4/22/2025,04-2025,JAMDPR,JAM'D Propert Group LLC,PCO#005: Grease Trap,1128879798TC,"6,352.76",USD,CHECKING,CHECK,4/24/2025
Payment,000155,Closed,4/16/2025,04-2025,VARGO,"Vargo, LLC",Ulta Dallas Retrofit Pay App 006,1068476519TC,"167,198.75",USD,CHECKING,CHECK,4/17/2025
Payment,000154,Closed,4/4/2025,04-2025,GOODWILL,"Goodwill Industries of Central Indiana, Llc",RI-2603-0004 - Goodwill Bloomington,0949423229TC,"105,956.65",USD,CHECKING,CHECK,4/7/2025
Payment,000153,Closed,4/2/2025,04-2025,CORE-MARK,"Core-Mark US, LLC",Pay App 001 - 25-101 Core Mark,536787,"264,226.00",USD,CHECKING,CHECK,4/3/2025
Payment,000152,Closed,4/2/2025,04-2025,JAMDPR,JAM'D Propert Group LLC,PCO#009: CE#047 - Added TV Outlets,0920524477TC,"4,911.64",USD,CHECKING,CHECK,4/3/2025
Payment,000151,Closed,3/26/2025,03-2025,GOODWILL,"Goodwill Industries of Central Indiana, Llc",Pay 004 - Goodwill Bart,0864050140TC,"300,176.39",USD,CHECKING,CHECK,3/28/2025
Credit Memo,000300,Closed,3/25/2025,03-2025,GOODWILL,"Goodwill Industries of Central Indiana, Llc",Goodwill Bloomington PayApp002,,"211,881.55",USD,,,5/29/2025
Payment,000150,Closed,3/21/2025,03-2025,VARGO,"Vargo, LLC",Ulta Dallas Retrofit Pay App 005,9148240001,"384,616.44",USD,CHECKING,CHECK,3/21/2025
Payment,000149,Closed,3/18/2025,03-2025,JAMDPR,JAM'D Propert Group LLC,PCO#004: CE#027 - Concrete Change at D, 0771786450TC,"4,688.39",USD,CHECKING,CHECK,3/20/2025
Payment,000148,Closed,3/7/2025,03-2025,JAMDPR,JAM'D Propert Group LLC,PCO#002: CE#025 - Added Tree Clearing,0662164874TC,"7,479.09",USD,CHECKING,CHECK,3/11/2025
Payment,000146,Closed,3/7/2025,03-2025,FORZA,Forza Commercial Real Estate,Pay 001 - Rehab Dayton Design,Check 1026,"38,982.00",USD,CHECKING,CHECK,3/7/2025
Payment,000147,Closed,3/5/2025,03-2025,JAMDPR,JAM'D Propert Group LLC,PCO#007: Added Cost for Boarwalk,0640284471TC,"3,000.00",USD,CHECKING,CHECK,3/7/2025
Credit Memo,000458,Closed,3/1/2025,03-2025,FORZA,Forza Commercial Real Estate,REV to bill to correct job Pay 001 - Rehab Dayton Design,,"38,982.00",USD,,,2/20/2026
Credit Memo,000301,Closed,2/28/2025,02-2025,GOODWILL,"Goodwill Industries of Central Indiana, Llc",Goodwill Bloomington PayApp001,,"105,956.65",USD,,,5/29/2025
Payment,000145,Closed,2/27/2025,02-2025,GOODWILL,"Goodwill Industries of Central Indiana, Llc",Pay 003 - Goodwill Bart,0588286244TC,"349,843.55",USD,CHECKING,CHECK,3/3/2025
Payment,000144,Closed,2/24/2025,02-2025,JAMDPR,JAM'D Propert Group LLC,Pay App 009 - Crate Escapes,0556978442TC,"63,431.40",USD,CHECKING,CHECK,2/25/2025
Payment,000143,Closed,2/14/2025,02-2025,JAMDPR,JAM'D Propert Group LLC,Air Curtains,0451303214TC,"9,200.00",USD,CHECKING,CHECK,2/21/2025
Payment,000142,Closed,2/14/2025,02-2025,GOODWILL,"Goodwill Industries of Central Indiana, Llc",Pay 009 Construction of Excel Center School # 114,0443038811TC,"24,396.16",USD,CHECKING,CHECK,2/14/2025
Payment,000141,Closed,2/14/2025,02-2025,GOODWILL,"Goodwill Industries of Central Indiana, Llc",Pay 008 Construction of Excel Center School # 114,0443038811TC,"119,788.35",USD,CHECKING,CHECK,2/14/2025
Payment,000140,Closed,2/6/2025,02-2025,SPECTOR,"Spector and Co US, LP",RTU Compressor Repair,1090851037FF,"5,300.00",USD,CHECKING,CHECK,2/10/2025
Payment,000139,Closed,2/6/2025,02-2025,SPECTOR,"Spector and Co US, LP",Air Supply for Silk Pen Units,1090851037FF,"8,380.00",USD,CHECKING,CHECK,2/10/2025
Payment,000138,Closed,2/6/2025,02-2025,SPECTOR,"Spector and Co US, LP",Added Electrical and Maintenance Items,1090851037FF,"6,300.00",USD,CHECKING,CHECK,2/10/2025
Payment,000137,Closed,1/30/2025,01-2025,ZION,"Zion Solutions Group, LLC",001 - Zion Door Dash,0301663549TC,"36,635.00",USD,CHECKING,CHECK,1/31/2025
Payment,000136,Closed,1/27/2025,01-2025,SPECTOR,"Spector and Co US, LP",PO 20342 - Added Electrical for New Machines,1127311024FF,"20,318.00",USD,CHECKING,CHECK,1/27/2025
Payment,000135,Closed,1/23/2025,01-2025,JAMDPR,JAM'D Propert Group LLC,Pay App 008 - Crate Escapes,TRN: 0231339438TC,"582,724.63",USD,CHECKING,CHECK,1/24/2025
Payment,000134,Closed,1/23/2025,01-2025,GOODWILL,"Goodwill Industries of Central Indiana, Llc",Pay 001 - Goodwill Bart,TRN: 0234241831TC,"110,582.87",USD,CHECKING,CHECK,1/24/2025
Payment,000133,Closed,1/23/2025,01-2025,GOODWILL,"Goodwill Industries of Central Indiana, Llc",Pay 002 - Goodwill Bart,TRN: 0234241831TC,"329,984.27",USD,CHECKING,CHECK,1/24/2025
Payment,000132,Closed,1/22/2025,01-2025,CORE-MARK,"Core-Mark US, LLC",Pay 001 - Core Mark,41888,"348,254.67",USD,CHECKING,CHECK,1/23/2025
Payment,000131,Closed,12/30/2024,12-2024,ZION,"Zion Solutions Group, LLC",Pay 006 - Lakeshore Temp Power,3654846971TC,"343,614.77",USD,CHECKING,CHECK,12/31/2024
Payment,000130,Closed,12/23/2024,12-2024,IMMCON,Immigrant Connection Inc,Pay App 002 - Immigrant Connection Work Final,Check#9907026987,"16,845.50",USD,CHECKING,CHECK,12/26/2024
Payment,000129,Closed,12/20/2024,12-2024,CART.COM,"Cart.com, Inc",Pay 002 - Cart Cold Storage - Electrical Service Phase 1 & 2,3445313149TC,"517,251.80",USD,CHECKING,CHECK,12/20/2024
Payment,000128,Closed,12/18/2024,12-2024,CSC,CSC Leasing Co,PO # 2023139X-91024-1,3537310550TC,"283,348.00",USD,CHECKING,CHECK,12/19/2024
Payment,000127,Closed,12/13/2024,12-2024,CSC,CSC Leasing Co,PO # 2023139Y-101624-1,3481745460TC,"380,000.00",USD,CHECKING,CHECK,12/16/2024
Payment,000126,Closed,12/5/2024,12-2024,GOODWILL,"Goodwill Industries of Central Indiana, Llc",Pay 007 Construction of Excel Center School # 114,3402297133TC,"32,472.66",USD,CHECKING,CHECK,12/6/2024
Payment,000125,Closed,12/5/2024,12-2024,JAMDPR,JAM'D Propert Group LLC,Pay App 007 - Crate Escapes,3408477861TC,"539,050.11",USD,CHECKING,CHECK,12/6/2024
Payment,000124,Closed,11/29/2024,11-2024,ZION,"Zion Solutions Group, LLC",Pay 005 - Lakeshore Temp Power,3345580937TC,"316,952.76",USD,CHECKING,CHECK,12/2/2024
Payment,000123,Closed,11/29/2024,11-2024,THEWES,The Wesleyan Church Corporation,Pay App 003 - The Wesleyan Church Office Remodel,225969,"111,775.00",USD,CHECKING,CHECK,11/29/2024
Payment,000122,Closed,11/20/2024,11-2024,ZION,"Zion Solutions Group, LLC",Pratt Whitney PO 1309 Pay Application 002,3256305454TC,"85,982.00",USD,CHECKING,CHECK,11/21/2024
Payment,000121,Closed,11/14/2024,11-2024,SPECTOR,"Spector and Co US, LP",PO 20342 - Added Electrical for New Machines,1208641319FF,"18,000.00",USD,CHECKING,CHECK,11/21/2024
Payment,000120,Closed,11/4/2024,11-2024,CART.COM,"Cart.com, Inc",Pay 001 - Cart Cold Storage - Electrical Service Phase 1 & 2,3091051916TC,"385,260.00",USD,CHECKING,CHECK,11/5/2024
Payment,000116,Closed,10/30/2024,10-2024,ZION,"Zion Solutions Group, LLC",Pay 004 - Lakeshore Temp Power,1204895317,"170,611.78",USD,CHECKING,CHECK,10/30/2024
Payment,000117,Closed,10/28/2024,10-2024,JAMDPR,JAM'D Propert Group LLC,Pay App 006 - Crate Escapes,991639748,"436,011.53",USD,CHECKING,CHECK,10/30/2024
Payment,000119,Closed,10/7/2024,10-2024,IMMCON,Immigrant Connection Inc,Pay App 001 - Immigrant Connection Work,DEPOSIT  ID NUMBER  13367,"27,621.50",USD,CHECKING,CHECK,11/1/2024
Payment,000118,Closed,10/7/2024,10-2024,THEWES,The Wesleyan Church Corporation,Pay App 002 - The Wesleyan Church Office Remodel,DEPOSIT  ID NUMBER  13367,"24,102.70",USD,CHECKING,CHECK,11/1/2024
Payment,000115,Closed,10/3/2024,10-2024,GOODWILL,"Goodwill Industries of Central Indiana, Llc",Partial Payment - Pay App  007 Construction of Excel Center School # 114,2777191858TC,"92,019.99",USD,CHECKING,CHECK,10/7/2024
Payment,000114,Closed,10/1/2024,10-2024,ZION,"Zion Solutions Group, LLC",Pay 003 - Lakeshore Temp Power,2751450718TC,"151,123.89",USD,CHECKING,CHECK,10/2/2024
Credit Memo,000235,Closed,9/30/2024,09-2024,THEWES,The Wesleyan Church Corporation,Pay App 003 - The Wesleyan Church Office Remodel_Reversal of invoice,,"98,351.50",USD,,,11/26/2024
Credit Memo,000222,Closed,9/30/2024,09-2024,JAMDPR,JAM'D Propert Group LLC,Reversal - Amount Change in Procore - Pay App 006 - Crate Escapes,,"293,709.88",USD,,,10/30/2024
Payment,000113,Closed,9/26/2024,09-2024,JAMDPR,JAM'D Propert Group LLC,Pay App 005 - Crate Escapes,991639748,"341,841.15",USD,CHECKING,CHECK,9/26/2024
Payment,000112,Closed,9/10/2024,09-2024,THEWES,The Wesleyan Church Corporation,Pay App 001 - The Wesleyan Church Office Remodel,575318,"191,596.30",USD,CHECKING,CHECK,9/20/2024
Payment,000111,Closed,9/5/2024,09-2024,GOODWILL,"Goodwill Industries of Central Indiana, Llc",Pay 006 Construction of Excel Center School # 114,2494510714TC,"277,566.02",USD,CHECKING,CHECK,9/6/2024
Payment,000109,Closed,8/20/2024,08-2024,VARGO,"Vargo, LLC",Ulta Dallas Retrofit Pay App 004,442626,"55,715.35",USD,CHECKING,CHECK,8/23/2024
Payment,000108,Closed,8/20/2024,08-2024,ZION,"Zion Solutions Group, LLC",Pay 002 - Lakeshore Temp Power,1204895317,"96,211.00",USD,CHECKING,CHECK,8/20/2024
Payment,000107,Closed,8/20/2024,08-2024,ZION,"Zion Solutions Group, LLC",Pay 001 - Lakeshore Temp Power,1204895317,"148,279.00",USD,CHECKING,CHECK,8/20/2024
Payment,000106,Closed,8/20/2024,08-2024,ZION,"Zion Solutions Group, LLC",Sprinklers-Alleato - Per Quote dated 4/8/2024,1204895317,"367,216.00",USD,CHECKING,CHECK,8/20/2024
Payment,000105,Closed,8/15/2024,08-2024,JAMDPR,JAM'D Propert Group LLC,Pay App 004 - Crate Escapes,2285236342TC,"246,977.13",USD,CHECKING,CHECK,8/16/2024
Payment,000104,Closed,8/1/2024,08-2024,GOODWILL,"Goodwill Industries of Central Indiana, Llc",Pay 005 Construction of Excel Center School # 114,2143499751TC,"259,468.64",USD,CHECKING,CHECK,8/14/2024
Credit Memo,000199,Closed,7/31/2024,07-2024,ZION,"Zion Solutions Group, LLC",Pay 002 - Lakeshore Temp Power,,"96,211.00",USD,,,8/8/2024
Payment,000102,Closed,7/25/2024,07-2024,SPECTOR,"Spector and Co US, LP",2nd Payment - PO 20342 - Added Electrical for New Machines,1107441207FF,"19,159.00",USD,CHECKING,CHECK,7/30/2024
Voided Payment,000100,Closed,7/18/2024,07-2024,SPECTOR,"Spector and Co US, LP",PO 20342 - Added Electrical for New Machines,1080421193FF,"--76,636.00",USD,CHECKING,CHECK,7/18/2024
Payment,000099,Closed,7/17/2024,07-2024,JAMDPR,JAM'D Propert Group LLC,Pay App 003 - Crate Escapes,991639748,"150,701.79",USD,CHECKING,CHECK,7/17/2024
Payment,000101,Closed,7/11/2024,07-2024,SPECTOR,"Spector and Co US, LP",PO 20342 - Added Electrical for New Machines,1080421193FF,"19,159.00",USD,CHECKING,CHECK,7/18/2024
Payment,000100,Voided,7/11/2024,07-2024,SPECTOR,"Spector and Co US, LP",PO 20342 - Added Electrical for New Machines,1080421193FF,"76,636.00",USD,CHECKING,CHECK,7/18/2024
Payment,000098,Closed,7/11/2024,07-2024,GOODWILL,"Goodwill Industries of Central Indiana, Llc",Full Payment - Pay 004 Construction of Excel Center School # 114,1930768494TC,"160,127.18",USD,CHECKING,CHECK,7/12/2024
Payment,000110,Closed,7/9/2024,07-2024,VARGO,"Vargo, LLC",Joist Reinforcement Final Pay App,869659,"96,270.00",USD,CHECKING,CHECK,9/4/2024
Voided Payment,000103,Closed,7/9/2024,07-2024,GOODWILL,"Goodwill Industries of Central Indiana, Llc",Partial Payment - Pay 005 Construction of Excel Center School # 114,869659,"--96,270.00",USD,CHECKING,CHECK,8/14/2024
Payment,000103,Voided,7/9/2024,07-2024,GOODWILL,"Goodwill Industries of Central Indiana, Llc",Partial Payment - Pay 005 Construction of Excel Center School # 114,869659,"96,270.00",USD,CHECKING,CHECK,7/31/2024
Credit Memo,000205,Closed,6/30/2024,06-2024,ZION,"Zion Solutions Group, LLC",Pay 002 - Lakeshore Temp Power,,"96,211.00",USD,,,8/8/2024
Credit Memo,000204,Closed,6/30/2024,06-2024,ZION,"Zion Solutions Group, LLC",Pay 001 - Lakeshore Temp Power,,"148,279.00",USD,,,8/8/2024
Credit Memo,000198,Closed,6/30/2024,06-2024,ZION,"Zion Solutions Group, LLC",Pay 001 - Lakeshore Temp Power,,"148,279.00",USD,,,8/8/2024
Payment,000097,Closed,6/20/2024,06-2024,GOODWILL,"Goodwill Industries of Central Indiana, Llc",Partial Payment - Pay 004 Construction of Excel Center School # 114,1723898206TC,"179,022.14",USD,CHECKING,CHECK,6/21/2024
Payment,000096,Closed,6/17/2024,06-2024,JAMDPR,JAM'D Propert Group LLC,Pay App 002 - Crate Escapes,1669217192TC,"47,300.00",USD,CHECKING,CHECK,6/17/2024
Credit Memo,000194,Closed,6/4/2024,06-2024,VARGO,"Vargo, LLC",Ulta Dallas Retrofit Pay App 004,,"55,715.34",USD,,,7/26/2024
Credit Memo,000193,Closed,6/4/2024,06-2024,VARGO,"Vargo, LLC",Ulta Dallas Retrofit Pay App 004,,"55,715.35",USD,,,7/25/2024
Payment,000095,Closed,5/16/2024,05-2024,GOODWILL,"Goodwill Industries of Central Indiana, Llc",Pay 003 Construction of Excel Center School # 114,1375319024TC,"433,540.16",USD,CHECKING,ACH PYMT,5/17/2024
Payment,000094,Closed,5/16/2024,05-2024,GOODWILL,"Goodwill Industries of Central Indiana, Llc",Pay 002 Construction of Excel Center School # 114,1375319026TC,"370,583.64",USD,CHECKING,ACH PYMT,5/17/2024
Voided Payment,000092,Closed,5/9/2024,05-2024,JAMDPR,JAM'D Propert Group LLC,ORIG CO NAME:Jamd Property Gr       ORIG ID:991639748  DESC DATE:May 07 CO ENTRY DESCR:Alleato   SEC:CCD    TRACE#:074902502622709 EED:240507   IND ID:                             IND NAME:Alleato TRN: 1282622709TC,1282622709TC,"--28,000.00",USD,CHECKING,CHECK,5/9/2024
Payment,000093,Closed,5/7/2024,05-2024,JAMDPR,JAM'D Propert Group LLC,ORIG CO NAME:Jamd Property Gr       ORIG ID:991639748  DESC DATE:May 07 CO ENTRY DESCR:Alleato   SEC:CCD    TRACE#:074902502622709 EED:240507   IND ID:                             IND NAME:Alleato TRN: 1282622709TC,1282622709TC,"28,000.00",USD,CHECKING,ACH PYMT,5/9/2024
Payment,000092,Voided,5/7/2024,05-2024,JAMDPR,JAM'D Propert Group LLC,ORIG CO NAME:Jamd Property Gr       ORIG ID:991639748  DESC DATE:May 07 CO ENTRY DESCR:Alleato   SEC:CCD    TRACE#:074902502622709 EED:240507   IND ID:                             IND NAME:Alleato TRN: 1282622709TC,1282622709TC,"28,000.00",USD,CHECKING,CHECK,5/9/2024
Voided Payment,000091,Closed,4/18/2024,04-2024,GOODWILL,"Goodwill Industries of Central Indiana, Llc",Pay 002 Construction of Excel Center School # 114,0954485450TC,"--391,955.00",USD,CHECKING,ACH PYMT,4/18/2024
Payment,000089,Closed,4/11/2024,04-2024,MACGRO,Macomb Group Inc.,Pay app 002 : Indy Location Renovations,1024670259TC,"34,535.80",USD,CHECKING,ACH PYMT,4/18/2024
Payment,000090,Closed,4/10/2024,04-2024,CEVA,"CEVA Logistics U.S., Inc.",Fire Alarm Work for Automation,1018298454TC,"78,519.01",USD,CHECKING,ACH PYMT,4/18/2024
Payment,000091,Voided,4/4/2024,04-2024,GOODWILL,"Goodwill Industries of Central Indiana, Llc",Pay 002 Construction of Excel Center School # 114,0954485450TC,"391,955.00",USD,CHECKING,ACH PYMT,4/18/2024
Payment,000088,Closed,4/4/2024,04-2024,GOODWILL,"Goodwill Industries of Central Indiana, Llc",Construction of Excel Center School # 114,0969683567TC,"391,955.00",USD,CHECKING,ACH PYMT,4/8/2024
Payment,000086,Closed,3/8/2024,03-2024,RADIAL,"Radial, Inc",Radial Avon Final Pay Application,0685101406TC,"232,757.75",USD,CHECKING,CHECK,3/11/2024
Payment,000085,Closed,2/28/2024,02-2024,TURNINGPOI,Jennifer Rivers,Final Invoice - Turning Pointe Academy New Fishers Location,CHECK 859,"25,042.00",USD,CHECKING,CHECK,3/1/2024
Payment,000087,Closed,2/27/2024,02-2024,LXPIND,Lexington OC 200 LLC,"CHIPS CREDIT VIA: BANK OF AMERICA, N.A./0959 B/O: LXP INDUSTRIAL TRUST 10119 US REF: NBNF=ALLEATO LLC CARMEL IN 46280-1068 US/AC-000000008626 ORG=/00938764 7503 10119 US OGB=BANK OF AMERICA, N.A. NEW YORK NY US OBI=DRAW 1 BBI=/CHGS/USD0,/OCMT/USD122050,/ SSN: 0526061 TRN: 1346440058FC",1346440058FC,"122,050.00",USD,CHECKING,CHECK,3/11/2024
Payment,000084,Closed,2/27/2024,02-2024,MACGRO,Macomb Group Inc.,Pay app 001 : Indy Location Renovations,0587839557TC,"80,884.20",USD,CHECKING,CHECK,3/1/2024
Payment,000083,Closed,2/20/2024,02-2024,COMPRO,Commercial Properties Associates LLP,Macomb Indy Plumbing Repairs,CHECK#25858,"15,425.44",USD,CHECKING,CHECK,2/26/2024
Payment,000082,Closed,2/7/2024,02-2024,CART.COM,"Cart.com, Inc",ORIG CO NAME:cart.com CO ENTRY DESCR:Bill.com SEC:CCD IND ID:025FZJFKLBSB526 ORIG ID:1204895317,1204895317,"408,000.00",USD,CHECKING,CHECK,2/7/2024
Payment,000081,Closed,2/1/2024,02-2024,CBRE LV,"CBRE, Inc.",Spector Warehouse Heating,CK # 215229,"12,258.14",USD,CHECKING,CHECK,2/5/2024
Payment,000080,Closed,1/19/2024,01-2024,TURNINGPOI,Jennifer Rivers,Final Invoice - Turning Pointe Academy New Fishers Location,CHECK#105,"30,000.00",USD,CHECKING,CHECK,1/25/2024
Credit Memo,000172,Closed,1/9/2024,01-2024,RADIAL,"Radial, Inc",Radial Avon Final Pay Application - reverse to amend the invoice,,"232,757.75",USD,,,1/25/2024
Credit Memo,000171,Closed,1/9/2024,01-2024,RADIAL,"Radial, Inc",Radial Avon Final Pay Application - reverse to amend the invoice,,"548,090.29",USD,,,1/25/2024
Payment,000079,Closed,1/9/2024,01-2024,ZION,"Zion Solutions Group, LLC",Radial Buford Permit Fees,0095404712TC,"6,846.00",USD,CHECKING,ACH PYMT,1/25/2024
Credit Memo,000234,Closed,12/31/2023,12-2023,RADIAL,"Radial, Inc",Void Invoice - Radial Inc - PO 4500044085 - Added MDF Door,,"6,035.00",USD,,,11/22/2024
Credit Memo,000233,Closed,12/31/2023,12-2023,BELLA,"Bella + Canvas, LLC",Void Invoice - Pay App 003 MD Project,,"4,214.99",USD,,,11/22/2024
Payment,000078,Closed,12/20/2023,12-2023,TSS,Tabor Storage Solutions LLC,Radial Buford Permit Fees,3549154050TC,"1,546.00",USD,CHECKING,ACH PYMT,12/21/2023
Payment,000077,Closed,11/30/2023,11-2023,CART.COM,"Cart.com, Inc",Cart Memphis Pay Application 001,3343493336TC,"295,835.95",USD,CHECKING,CHECK,12/5/2023
Payment,000072,Closed,11/24/2023,11-2023,CART.COM,"Cart.com, Inc",ORIG CO NAME:cart.com               ORIG ID:1204895317 DESC DATE:       CO ENTRY DESCR:Bill.com  SEC:CCD    TRACE#:021000021651038 EED:231124   IND ID:025TPTBGZMPCK8C              IND NAME:Alleato LLC                        cart.com Bill.com 025TPTBGZ MPCK8C Multiple invoices (details o on stub)-- TRN: 3281651038TC,3281651038TC,"98,014.05",USD,CHECKING,ACH PYMT,11/27/2023
Payment,000076,Closed,11/14/2023,11-2023,AHS,Advance Handling Systems,Pay App 002 - AHS Mooresville PO# 73148,5205,"383,260.73",USD,CHECKING,CHECK,11/28/2023
Payment,000075,Closed,11/14/2023,11-2023,VARGO,"Vargo, LLC",Payment for 127 - 130,26927,"824,331.03",USD,CHECKING,CHECK,11/28/2023
Payment,000074,Closed,11/14/2023,11-2023,VARGO,"Vargo, LLC",PO 217126 Pay App 005,26929,"187,530.00",USD,CHECKING,CHECK,11/28/2023
Payment,000073,Closed,11/14/2023,11-2023,AHS,Advance Handling Systems,PO 72778 - Conveyor Electrical Labor Check # 86276 dtd 110323,86276,"5,851.00",USD,CHECKING,CHECK,11/28/2023
Payment,000070,Closed,10/30/2023,10-2023,CART.COM,"Cart.com, Inc",Cart Memphis Pay Application 001 - partial payment,3039691802TC,"14,150.00",USD,CHECKING,CHECK,11/2/2023
Payment,000071,Closed,10/27/2023,10-2023,AHS,Advance Handling Systems,DEPOSIT  ID NUMBER  82788,82788,"29,951.00",USD,CHECKING,CHECK,11/2/2023
Payment,000069,Closed,10/23/2023,10-2023,WATERFRONT,"700 Waterfront Owner, LLC",Payment for Invoices 136 and 137,469654,"560,326.00",USD,CHECKING,CHECK,11/2/2023
Payment,000068,Closed,10/13/2023,10-2023,GOODWILL,"Goodwill Industries of Central Indiana, Llc",ORIG CO NAME:GOODWILL GCSI          ORIG ID:1350893506 DESC DATE:231013 CO ENTRY DESCR:TRADE PAY SEC:CCD    TRACE#:086300011420497 EED:231013   IND ID:ALLEA001                     IND NAME:ALLEATO GROUP              RMR*IV*000103**71726.27\ TRN: 2861420497TC,2861420497TC,"71,726.27",USD,CHECKING,CHECK,10/16/2023
Payment,000066,Closed,10/2/2023,10-2023,FF SOLUTIO,"FF Solutions Group, LLC",ORIG CO NAME:FF SOLUTIONS GRO CO ENTRY DESCR:ACH Pmt    SEC:CCD IND ID:11109950601     ORIG ID:9200502235,9200502235,"71,905.00",USD,CHECKING,CHECK,10/3/2023
Credit Memo,000146,Closed,10/1/2023,10-2023,CART.COM,"Cart.com, Inc",Project 23:108 Pay Application 002,,"77,614.05",USD,,,10/26/2023
Credit Memo,000142,Closed,10/1/2023,10-2023,CART.COM,"Cart.com, Inc",Project 23:108 Pay Application 002,,"4,084.95",USD,,,10/26/2023
Credit Memo,000131,Closed,9/30/2023,09-2023,PURRS,Purrs & Gurrs,Write off balance,,"18,565.20",USD,,,10/4/2023
Credit Memo,000147,Closed,9/1/2023,09-2023,CART.COM,"Cart.com, Inc",Project 23:108 Pay Application 001,,"309,985.95",USD,,,10/26/2023
Credit Memo,000143,Closed,9/1/2023,09-2023,CART.COM,"Cart.com, Inc",Project 23:108 Pay Application 001,,"16,315.05",USD,,,10/26/2023
Payment,000067,Closed,8/28/2023,08-2023,EYE SURG,Eye Surgeons Real Estate LLC,Payment for Pay 003 - Lasik Center,DEPOSIT  ID NUMBER 303142,"21,350.66",USD,CHECKING,CHECK,10/3/2023
Payment,000062,Closed,8/28/2023,08-2023,OUT,"Outreach, Inc",,CK10442,"52,423.00",USD,CHECKING,CHECK,9/14/2023
Payment,000061,Closed,8/28/2023,08-2023,VARGO,"Vargo, LLC",,CK26398,"515,901.82",USD,CHECKING,CHECK,9/14/2023
Payment,000064,Closed,8/25/2023,08-2023,RADIAL,"Radial, Inc","ORIG CO NAME:RADIAL, INC. ORIG ID:A232993313 DESC DATE: CO ENTRY DESCR:EDI PYMNTSSEC:CTX TRACE#:091000018249090 EED:230825 IND ID:07592000141954 IND NAME:0009Alleato LLC TRN: 2378249090TC",YL95pb9Yd5C6B74wrvdDsQw7XdOQ9AczjQYoO,"21,662.44",USD,CHECKING,CHECK,9/14/2023
Payment,000063,Closed,8/24/2023,08-2023,AHS,Advance Handling Systems,DEPOSIT ID NUMBER 953958,rDxq4ZxLoqUz7D4k9Vdnt9E5J6rn55sw4jnrX,"391,296.71",USD,CHECKING,CHECK,9/14/2023
Payment,000060,Closed,8/18/2023,08-2023,RADIAL,"Radial, Inc",,ACH 08-18,"297,970.10",USD,CHECKING,CHECK,9/14/2023
Payment,000059,Closed,8/18/2023,08-2023,BELLA,"Bella + Canvas, LLC",,ACH 08-11,"73,018.92",USD,CHECKING,CHECK,9/14/2023
Payment,000065,Closed,8/14/2023,08-2023,PURRS,Purrs & Gurrs,,Pymt,"39,024.70",USD,CHECKING,CHECK,9/14/2023
Payment,000058,Closed,8/11/2023,08-2023,BELLA,"Bella + Canvas, LLC","ORIG CO NAME:BELLACANVAS9276 ORIG ID:1814728653 DESC DATE: CO ENTRY DESCR:INVS, FRT SEC:PPD TRACE#:121137524042166 EED:230811 IND ID: IND NAME:ALLEATO LLC TRN: 2234042166TC",mZa64XaYx6CZXq8Nz0n0HdgV6or3xMI8wAKow,"60,490.23",USD,CHECKING,CHECK,8/15/2023
Payment,000057,Closed,8/3/2023,08-2023,ZION,"Zion Solutions Group, LLC",ORIG CO NAME:ZION SOLUTIONS G ORIG ID:9200502235 DESC DATE:230803 CO ENTRY DESCR:ACH Pmt SEC:CCD TRACE#:021000021736568 EED:230803 IND ID:11026295419 IND NAME:Alleato Group 000102 TRN: 2151736568TC,yK3v6A3yYvc3gKDL6n0miaV8eQ9x5KfRLrD6n,"18,933.75",USD,CHECKING,CHECK,8/15/2023
Payment,000054,Closed,7/14/2023,07-2023,RADIAL,"Radial, Inc","ORIG CO NAME:RADIAL, INC. ORIG ID:A232993313 DESC DATE: CO ENTRY DESCR:EDI PYMNTSSEC:CTX TRACE#:091000013310741 EED:230714 IND ID:07592000139828 IND NAME:0009Alleato LLC TRN: 1953310741TC",NjrAJ1rOYAHa6RjEOQZmsOmVpz8RNYsx7pdpw,"354,069.00",USD,CHECKING,CHECK,8/2/2023
Payment,000056,Closed,7/13/2023,07-2023,SPECTOR,"Spector and Co US, LP",,Wire 20230713,"41,399.87",USD,CHECKING,CHECK,8/2/2023
Credit Memo,000152,Closed,7/12/2023,07-2023,BELLA,"Bella + Canvas, LLC",PCO 003R1 and PCO 005,,"97,888.50",USD,,,11/27/2023
Payment,000055,Closed,7/5/2023,07-2023,SPECTOR,"Spector and Co US, LP",Pay App #4-final with retainage,Wire 20230705,"100,000.00",USD,CHECKING,CHECK,8/2/2023
Payment,000053,Closed,7/5/2023,07-2023,VARGO,"Vargo, LLC",,20230705 DEP,"711,800.00",USD,CHECKING,CHECK,8/2/2023
Payment,000052,Closed,6/9/2023,06-2023,BELLA,"Bella + Canvas, LLC","ORIG CO NAME:BELLACANVAS9276 ORIG ID:1814728653 DESC DATE: CO ENTRY DESCR:INVS, FRT SEC:PPD TRACE#:121137521472036 EED:230609 IND ID: IND NAME:ALLEATO LLC TRN: 1601472036TC",qLjPxZj65PCeB5gkYRNoS3OA9aXNReIENKmZ1,"855,904.25",USD,CHECKING,CHECK,6/14/2023
Voided Payment,000046,Closed,6/8/2023,06-2023,CEVA,"CEVA Logistics U.S., Inc.",Pay Application 004 - Platform Lighting and Sprinkler-void pymt - applied to Debit Memo to clear out,Pay App 004,"--220,422.26",USD,CHECKING,CHECK,6/8/2023
Payment,000051,Closed,5/18/2023,05-2023,VARGO,"Vargo, LLC",Check # 25235,Check Dep 25235,"398,000.00",USD,CHECKING,CHECK,6/7/2023
Payment,000050,Closed,5/16/2023,05-2023,SPECTOR,"Spector and Co US, LP",Wire rec 2023-05-16,Wire 20230516,"27,398.50",USD,CHECKING,CHECK,6/7/2023
Payment,000049,Closed,5/15/2023,05-2023,SPECTOR,"Spector and Co US, LP",,Wire 20230511,"270,000.00",USD,CHECKING,CHECK,6/7/2023
Credit Memo,000101,Closed,5/12/2023,05-2023,CEVA,"CEVA Logistics U.S., Inc.",Pay Application 004 - Platform Lighting and Sprinkler,,"220,422.26",USD,,,6/8/2023
Payment,000046,Voided,5/12/2023,05-2023,CEVA,"CEVA Logistics U.S., Inc.",Pay Application 004 - Platform Lighting and Sprinkler,Pay App 004,"220,422.26",USD,CHECKING,CHECK,5/12/2023
Credit Memo,000081,Closed,5/12/2023,05-2023,CEVA,"CEVA Logistics U.S., Inc.",Pay Application 004 - Platform Lighting and Sprinkler,,"220,422.26",USD,,,5/12/2023
Payment,000048,Closed,5/11/2023,05-2023,VARGO,"Vargo, LLC",Check deposit 05-11-2023,Deposit 05-11,"7,545.96",USD,CHECKING,CHECK,5/12/2023
Payment,000047,Closed,5/2/2023,05-2023,SPECTOR,"Spector and Co US, LP",,Wire 20230502,"230,000.00",USD,CHECKING,CHECK,5/12/2023
Payment,000045,Closed,4/27/2023,04-2023,SPECTOR,"Spector and Co US, LP",,wire 04-27,"150,000.00",USD,CHECKING,CHECK,5/3/2023
Payment,000044,Closed,4/24/2023,04-2023,IRONWORKS,Ironworks Indianapolis LLC,Ironworks Sprinkler Bust Repair,057237,"25,446.00",USD,CHECKING,CHECK,5/3/2023
Payment,000042,Closed,4/19/2023,04-2023,AHS,Advance Handling Systems,,20230419,"281,177.04",USD,CHECKING,CHECK,4/21/2023
Payment,000041,Closed,4/19/2023,04-2023,CEVA,"CEVA Logistics U.S., Inc.",Check #85888,20230419,"307,000.00",USD,CHECKING,CHECK,4/21/2023
Payment,000039,Closed,4/11/2023,04-2023,BELLA,"Bella + Canvas, LLC",Bella Vegas Pay App 002,202304111,"98,790.00",USD,CHECKING,CHECK,4/14/2023
Payment,000038,Closed,4/11/2023,04-2023,BELLA,"Bella + Canvas, LLC",Bella Vegas Pay App 002,20230411,"1,000,000.00",USD,CHECKING,CHECK,4/14/2023
Credit Memo,000162,Closed,4/7/2023,04-2023,BELLA,"Bella + Canvas, LLC",Bella PO # BC-NV-JG20230325-3        Alleato PCO-002,,"63,778.89",USD,,,11/27/2023
Credit Memo,000161,Closed,4/7/2023,04-2023,BELLA,"Bella + Canvas, LLC",Bella PO # BC-NV-JG20230325-4        Alleato PCO-006,,"55,687.50",USD,,,11/27/2023
Credit Memo,000160,Closed,4/7/2023,04-2023,BELLA,"Bella + Canvas, LLC",Bella PO # BC-NV-JG20230325-5       Alleato PCO-007,,"89,100.00",USD,,,11/27/2023
Credit Memo,000159,Closed,4/7/2023,04-2023,BELLA,"Bella + Canvas, LLC",Bella PO # BC-NV-JG20230325-6         Alleato PCO-008,,"166,884.29",USD,,,11/27/2023
Credit Memo,000158,Closed,4/7/2023,04-2023,BELLA,"Bella + Canvas, LLC",Bella PO # BC-NV-JG20230325-7     Alleato PCO-009,,"156,481.88",USD,,,11/27/2023
Credit Memo,000157,Closed,4/7/2023,04-2023,BELLA,"Bella + Canvas, LLC",Bella PO # BC-NV-JG20230331          Alleato PCO-010,,"17,000.00",USD,,,11/27/2023
Credit Memo,000156,Closed,4/7/2023,04-2023,BELLA,"Bella + Canvas, LLC",Bella PO # AY-NV-JG20230419           Alleato PCO-011,,"33,500.49",USD,,,11/27/2023
Credit Memo,000155,Closed,4/7/2023,04-2023,BELLA,"Bella + Canvas, LLC",Bella PO # BC-NV-JG20230413           Alleato PCO-012,,"3,145.23",USD,,,11/27/2023
Credit Memo,000154,Closed,4/7/2023,04-2023,BELLA,"Bella + Canvas, LLC",Bella PO # AY-NV-JG20230413         Alleato PCO-013,,"5,215.69",USD,,,11/27/2023
Credit Memo,000153,Closed,4/7/2023,04-2023,BELLA,"Bella + Canvas, LLC",PO # BC-NV-JG20230325-2 Alleato PCO-001,,"167,221.77",USD,,,11/27/2023
Credit Memo,000124,Closed,3/31/2023,03-2023,VARGO,"Vargo, LLC",Sprinkler and Electrical Work Greenwood - to remove the record/delete,,"187,530.00",USD,,,9/29/2023
Payment,000043,Closed,3/31/2023,03-2023,WRIGHT,Wright Cut II,Pay App #1,20230331,"47,383.00",USD,CHECKING,CHECK,5/2/2023
Credit Memo,000067,Closed,3/27/2023,03-2023,VARGO,"Vargo, LLC",Shipfusion Project,,"4,000.00",USD,,,3/27/2023
Payment,000040,Closed,3/14/2023,03-2023,FORZA,Forza Commercial Real Estate,DEPOSIT ID NUMBER 50276,pR9Qxj700yF8zojQpp5Osmqz75VYP6ha3zEze,"46,071.39",USD,CHECKING,CHECK,4/19/2023
Payment,000036,Closed,3/8/2023,03-2023,SPECTOR,"Spector and Co US, LP",,20230308,"156,157.90",USD,CHECKING,CHECK,3/9/2023
Payment,000037,Closed,2/28/2023,02-2023,CEVA,"CEVA Logistics U.S., Inc.",ORIG CO NAME:CEVA 8037 ORIG ID:1232142673 DESC DATE:FEB 24 CO ENTRY DESCR:EDI PAYMNTSEC:CTX TRACE#:028000085501984 EED:230228 IND ID:4764441 IND NAME:0007ALLEATO LLC TRN: 0595501984TC,EV57daL11wtLqJ8xyyN8hMEV04x7Q6cJ0wBzN,"825,000.00",USD,CHECKING,CHECK,3/9/2023
Payment,000034,Closed,2/9/2023,02-2023,SPECTOR,"Spector and Co US, LP",,ACH,"200,000.00",USD,CHECKING,CHECK,2/15/2023
Payment,000032,Closed,2/7/2023,02-2023,CEVA,"CEVA Logistics U.S., Inc.",DEPOSIT ID NUMBER 873732,Abx58EYppOtayz46bbnjIOkLmXp51Ysb00arz,"650,000.00",USD,CHECKING,CHECK,2/9/2023
Payment,000031,Closed,2/6/2023,02-2023,FF SOLUTIO,"FF Solutions Group, LLC",ORIG CO NAME:FF SOLUTIONS GRO ORIG ID:9200502235 DESC DATE:230206 CO ENTRY DESCR:ACH Pmt SEC:CCD TRACE#:021000021273297 EED:230206 IND ID:11010231141 IND NAME:Alleato LLC Invoice 000062 TRN: 0371273297TC,LpOQqay00Bt9ekmLMM0aUm0K85eQ51SdwMAVM,"89,154.00",USD,CHECKING,CHECK,2/9/2023
Payment,000033,Closed,2/3/2023,02-2023,SPECTOR,"Spector and Co US, LP",,ACH,"500,000.00",USD,CHECKING,CHECK,2/15/2023
Payment,000035,Closed,2/2/2023,02-2023,CTY FISHER,City of Fishers,DEPOSIT ID NUMBER 842875,j7Z93VnvvDFV5dAP44vdixx3MKxqNNHYNbp3N,"6,338.80",USD,CHECKING,CHECK,2/15/2023
Payment,000030,Closed,2/2/2023,02-2023,VARGO,"Vargo, LLC",DEPOSIT ID NUMBER 246692,rnOwrVdxxkF3oRAQpp1RsNNXExNa55tAmnQbv,"20,120.67",USD,CHECKING,CHECK,2/9/2023
Payment,000028,Closed,1/23/2023,01-2023,BELLA,"Bella + Canvas, LLC",,ACH-2,"93,784.00",USD,CHECKING,CHECK,1/25/2023
Payment,000027,Closed,1/23/2023,01-2023,BELLA,"Bella + Canvas, LLC",Pay App #1 - Project 22-112 North Las Vegas,ACH-1,"1,000,000.00",USD,CHECKING,CHECK,1/25/2023
Payment,000029,Closed,1/18/2023,01-2023,BEST,Best Warehousing & Transportation Center Inc,DEPOSIT ID NUMBER 446567,MXMdBOKrr3tLVbrwggx3soABr3mX4KTkzB8Xg,"5,736.00",USD,CHECKING,CHECK,1/25/2023
Credit Memo,000061,Closed,12/22/2022,12-2022,SPECTOR,"Spector and Co US, LP",Pay App #2 - Spector Vegas,,"852,382.90",USD,,,1/17/2023
Credit Memo,000059,Closed,12/22/2022,12-2022,BELLA,"Bella + Canvas, LLC",Pay App 002 MD Project,,"1,126,470.99",USD,,,1/17/2023
Credit Memo,000055,Closed,12/19/2022,12-2022,BELLA,"Bella + Canvas, LLC",Pay Application 001 Bella Vegas,,"1,093,784.00",USD,,,1/2/2023
Payment,000020,Closed,11/23/2022,11-2022,EYE SURG,Eye Surgeons Real Estate LLC,DEPOSIT ID NUMBER 959370,QLnDkm0wwAfqDk1mggPZSRO7X1Yg9mHw44ngE,"182,601.21",USD,CHECKING,CHECK,11/28/2022
Payment,000022,Closed,11/18/2022,11-2022,BELLA,"Bella + Canvas, LLC",,20221118b,"65,063.00",USD,CHECKING,CHECK,11/28/2022
Payment,000021,Closed,11/18/2022,11-2022,BELLA,"Bella + Canvas, LLC",,20221118-a,"1,000,000.00",USD,CHECKING,CHECK,11/28/2022
Payment,000023,Closed,11/17/2022,11-2022,SPECTOR,"Spector and Co US, LP",FedWire from Spector & Co,EFT-20221117,"159,943.00",USD,CHECKING,CHECK,12/6/2022
Payment,000025,Closed,11/15/2022,11-2022,FORZA,Forza Commercial Real Estate,,deposit,"25,243.92",USD,CHECKING,CHECK,12/12/2022
Voided Payment,000019,Closed,11/15/2022,11-2022,BELLA,"Bella + Canvas, LLC",Pay Application 002,000036,"--1,065,063.00",USD,CHECKING,CHECK,11/15/2022
Voided Payment,000018,Closed,11/15/2022,11-2022,BEST,Best Warehousing & Transportation Center Inc,Stair Repair,000038,"--5,736.00",USD,CHECKING,CHECK,11/15/2022
Payment,000019,Voided,11/15/2022,11-2022,BELLA,"Bella + Canvas, LLC",Pay Application 002,000036,"1,065,063.00",USD,CHECKING,CHECK,11/15/2022
Payment,000018,Voided,11/15/2022,11-2022,BEST,Best Warehousing & Transportation Center Inc,Stair Repair,000038,"5,736.00",USD,CHECKING,CHECK,11/15/2022
Payment,000024,Closed,11/9/2022,11-2022,SPECTOR,"Spector and Co US, LP",,ACh 20221109,240.00,USD,CHECKING,CHECK,12/6/2022
Payment,000017,Closed,11/7/2022,11-2022,BEST,Best Warehousing & Transportation Center Inc,,15059,"8,409.00",USD,CHECKING,CHECK,11/15/2022
Payment,000016,Closed,11/3/2022,11-2022,SUNWEST,Sunwest Express Carwash,DEPOSIT ID NUMBER 703941,YKmkXRq99Jc0PepZ88rYFQrYM9OKbViwoJEmL,"20,493.00",USD,CHECKING,CHECK,11/15/2022
Payment,000015,Closed,11/1/2022,11-2022,BELLA,"Bella + Canvas, LLC","ORIG CO NAME:BELLACANVAS9276 ORIG ID:1814728653 DESC DATE: CO ENTRY DESCR:INVS, FRT SEC:PPD TRACE#:121137523085315 EED:221101 IND ID: IND NAME:ALLEATO LLC TRN: 3053085315TC",P6QLK9vddkHPzjMaJJQocm443d83k9h1X6PVe,"45,000.00",USD,CHECKING,CHECK,11/15/2022
Payment,000014,Closed,10/7/2022,10-2022,RADIAL,"Radial, Inc","ORIG CO NAME:RADIAL, INC. ORIG ID:A232993313 DESC DATE: CO ENTRY DESCR:EDI PYMNTSSEC:CTX TRACE#:091000014693158 EED:221007 IND ID:07592000125669 IND NAME:0009Alleato LLC TRN: 2804693158TC",1yDBneRZZ0uPgw6577EBUzejVyLyQEfopLBpX,"6,017.59",USD,CHECKING,CHECK,10/10/2022
Payment,000026,Closed,9/30/2022,09-2022,PURRS,Purrs & Gurrs,Pay App #1 - Design Work (was paid on 07/06/2022),July Pmt,"10,000.00",USD,CHECKING,CHECK,12/22/2022
Credit Memo,000049,Closed,9/30/2022,09-2022,PURRS,Purrs & Gurrs,Pay App #1 - Purrs & Gurrs - Design work (check deposited 07/06),,"10,000.00",USD,,,12/22/2022
Payment,000013,Closed,9/23/2022,09-2022,RADIAL,"Radial, Inc","ORIG CO NAME:RADIAL, INC. ORIG ID:A232993313 DESC DATE: CO ENTRY DESCR:EDI PYMNTSSEC:CTX TRACE#:091000013027391 EED:220923 IND ID:07592000124900 IND NAME:0014Alleato LLC TRN: 2663027391TC",xLpqrvPJJ4fgjP0xRRzJu648yYm65QfjXDddw,"245,740.16",USD,CHECKING,CHECK,9/26/2022
Payment,000012,Closed,9/21/2022,09-2022,FORZA,Forza Commercial Real Estate,DEPOSIT ID NUMBER 150221,NdEw39krryFgb9M4mmzqUR3ALpaDO7txEpwJ1,"111,215.70",USD,CHECKING,CHECK,9/26/2022
Payment,000011,Closed,9/2/2022,09-2022,EYE SURG,Eye Surgeons Real Estate LLC,CK # 69471,CK69471,"189,430.00",USD,CHECKING,CHECK,9/14/2022
Payment,000010,Closed,8/22/2022,08-2022,FORZA,Forza Commercial Real Estate,Forza Pymt CK# 1014 -,1014,"84,798.00",USD,CHECKING,CHECK,8/25/2022
Payment,000009,Closed,7/29/2022,07-2022,RADIAL,"Radial, Inc","ORIG CO NAME:RADIAL, INC. ORIG ID:A232993313 DESC DATE: CO ENTRY DESCR:EDI PYMNTSSEC:CTX TRACE#:091000013143290 EED:220729 IND ID:07592000121934 IND NAME:0009Alleato LLC TRN: 2103143290TC",vwQ1g0Dmmjso4g8QXXjYuvvP35RBDJU7L1Bp8,"41,002.11",USD,CHECKING,CHECK,8/10/2022
Payment,000008,Closed,7/12/2022,07-2022,VARGO,"Vargo, LLC",,20220712,"41,553.00",USD,CHECKING,CHECK,7/14/2022
Payment,000007,Closed,7/8/2022,07-2022,RADIAL,"Radial, Inc",,ACH 20220708,"332,975.00",USD,CHECKING,CHECK,7/12/2022
Payment,000006,Closed,6/22/2022,06-2022,VARGO,"Vargo, LLC",,#23336,"292,820.00",USD,CHECKING,CHECK,6/30/2022
Payment,000004,Closed,5/27/2022,05-2022,RADIAL,"Radial, Inc","ORIG CO NAME:RADIAL, INC. ORIG ID:A232993313 DESC DATE: CO ENTRY DESCR:EDI PYMNTSSEC:CTX TRACE#:091000012066807 EED:220527 IND ID:07592000118298 IND NAME:0009Alleato LLC TRN: 1472066807TC",xpq1BjVDe8UdmPPk7E33Sa9NRwnk80tA1nMX5,"150,000.00",USD,CHECKING,CHECK,6/7/2022
Payment,000005,Closed,5/10/2022,05-2022,VARGO,"Vargo, LLC",DEPOSIT ID NUMBER 250338,X1KA0JbgOVcVjgg51MLzuQ9QkBwnJwIPVvByV,"657,135.00",USD,CHECKING,CHECK,6/7/2022
Payment,000003,Closed,4/29/2022,04-2022,RADIAL,"Radial, Inc","ORIG CO NAME:RADIAL, INC. ORIG ID:A232993313 DESC DATE: CO ENTRY DESCR:EDI PYMNTSSEC:CTX TRACE#:091000013333408 EED:220429 IND ID:07592000116693 IND NAME:0010Alleato LLC TRN: 1193333408TC",e45JvRBPeLU1PEE53MRNcXDXREb98bFeDyvYE,"370,738.00",USD,CHECKING,CHECK,6/7/2022
Payment,000002,Closed,3/18/2022,03-2022,RADIAL,"Radial, Inc","ORIG CO NAME:RADIAL, INC. ORIG ID:A232993313 DESC DATE: CO ENTRY DESCR:EDI PYMNTSSEC:CTX TRACE#:091000015591616 EED:220318 IND ID:07592000114299 IND NAME:0010Alleato LLC TRN: 0775591616TC",kP75eRoKgMFQJDq9ynqZuL0mM44Z1qC3jJ0Nm,"523,074.00",USD,CHECKING,CHECK,6/7/2022
Payment,000001,Closed,3/11/2022,03-2022,RADIAL,"Radial, Inc","ORIG CO NAME:RADIAL, INC. ORIG ID:A232993313 DESC DATE: CO ENTRY DESCR:EDI PYMNTSSEC:CTX TRACE#:091000016531179 EED:220311 IND ID:07592000113989 IND NAME:0009Alleato LLC TRN: 0706531179TC",zJ6weygORBfN7P89aY89H9BYpg3NBPCdPX7BB,"5,936.00",USD,CHECKING,CHECK,6/7/2022